,origin_year,origin_platform,weeks_of_trends
pedobear,2003,4chan,201.0
tinaecmusic,2007,YouTube,7.0
raptor jesus,2005,4chan,233.0
when you see it,2008,,210.0
charlie bit my finger,2007,YouTube,160.0
the picard song,1987,,8.0
its not a defect its a feature,2005,YTMND,0.0
just as planned,2007,Death Note,22.0
bananaphone,2004,,183.0
i am aware of all internet traditions,2008,,3.0
baidu 10 mythical creatures grass mud horse,2009,,1.0
a master is out,2004,4chan,1.0
phoenix wrong phoenix wright parodies,2006,,2.0
has anyone really been far even as decided to use even go want to do look more like,2009,4chan,61.0
space bat,2009,,4.0
massimo dalema,0,4chan,5.0
fake steven tyler,2008,,1.0
caturday,2006,4chan,181.0
these photos are mines,2008,,1.0
switch police on,0,,2.0
2channel,1999,,128.0
tea time,2009,YouTube,210.0
jia jun peng your mother wants you to come home for dinner,2009,,1.0
lolgraphs,2008,,0.0
ipod ad spoofsparodies,2003,,0.0
twuck,2009,,1.0
no you cannot,2009,,210.0
balloon boy,2009,,2.0
money,1993,YouTube,235.0
me da meu chip pedro,2009,YouTube,6.0
i did it for the lulz,2006,4chan,5.0
get,2001,2channel,235.0
tmi too much information,2002,Urban Dictionary,0.0
super s stussy,1890,,0.0
the weighted companion cube,2007,Portal,7.0
4chan party van,2006,4chan,11.0
nuke it from orbit,1986,,5.0
general mayhem,1997,,4.0
i love trident layers,2009,,0.0
people die if they are killed,2006,,1.0
dogola,0,,3.0
operation naked guy,2010,,0.0
colonel quaritch does not give a single,2010,4chan,0.0
dear reporter waiting park,2010,,1.0
death spoiler reveals,0,,0.0
youtube poop music videos ytpmv,2007,YouTube,1.0
fatman,0,,235.0
it prints money,2009,,9.0
bill cosby is dead,2010,4chan,2.0
my life in x words,2008,YouTube,0.0
hawt duck,2010,4chan,0.0
stick figure vs wall,2003,,1.0
is lady gaga a man,2009,,55.0
germano mosconi,2004,,235.0
beatallica,2001,,113.0
press x to jason,2010,,23.0
vladimir putin,2000,,229.0
crock rapist,0,,1.0
pardon me,2010,YouTube,210.0
black span,2010,,205.0
nobildonna di fiorenzuola,2008,YouTube,2.0
in before the lock ibtl,2002,,0.0
peter steele,2010,,2.0
ultimate hungarian chuck norris jani a kemeny,0,YouTube,1.0
come get some you motha,2009,,1.0
blowout soon fellow stalker,2009,,0.0
pick up that can,2004,,129.0
thomas the tank engine remixes,2006,YouTube,1.0
max berliner,2010,,47.0
jejemon,2010,Tumblr,19.0
the virus of doom,2009,YouTube,1.0
boozecats,2009,,2.0
im helping,1980,,15.0
internet phrases girl,2009,YouTube,1.0
uncle sams i want you poster,1914,,3.0
big tasty kritiker,2010,,31.0
nichole337,2008,YouTube,78.0
freebase,2008,,210.0
lady gaga falls,2010,Tumblr,5.0
stick figures on crack,0,YouTube,231.0
meatballs,2010,,210.0
double rainbow,2010,YouTube,29.0
its so fluffy,2010,YouTube,49.0
poker face rage comics,2010,Reddit,0.0
dancing spider man,2002,YTMND,1.0
x is training,2009,niconico,27.0
kirby explains,2005,YTMND,1.0
insert x here,0,,2.0
jeremias muito louco wasted jeremias,2005,YouTube,3.0
stop being obtuse,2010,Myspace,0.0
brodyquest,2010,,152.0
hulutube,2009,YouTube,4.0
grahamhand,2010,,0.0
wil quits w00tstock,2010,,0.0
im about to whip somebodys ass,2010,,1.0
the most basic form of mind control is repetition or the remix video,2009,,0.0
50 tyson,2009,YouTube,29.0
frito,2008,,210.0
miracle song,2010,4chan,210.0
sassy gay friend,2010,YouTube,112.0
mary bale woman dumped cat in wheelie bin,2010,,0.0
dude you have no quran,2010,,4.0
thumbs up if you,2007,YouTube,1.0
gay or european,2010,YouTube,95.0
become one with russia,2009,,2.0
bill nye the science guy remixes,2006,YTMND,0.0
hater guy,2010,Meme Generator,19.0
gaben,2008,,183.0
runspencerrun,2010,,0.0
dr tran,2008,YouTube,210.0
green anon old anonymous,2003,4chan,1.0
bitches leave,2004,YTMND,15.0
calm your tits,2007,Urban Dictionary,2.0
the floor is lava hot lava game,0,,1.0
go bwaaah,2010,YouTube,8.0
unless you a zombie,2010,,28.0
skeeter,2010,,210.0
half head mugshot carlos rodriguez,2010,,0.0
fakemon,0,,147.0
knowledge shiz,2010,,1.0
skweezy jibbs,2011,,7.0
idgaf now cry later,2010,,2.0
oshawott,2010,Pokemon.,96.0
ian get off facebook,2010,4chan,1.0
feel like a ninja,2010,Cuanto Cabr√≥n,84.0
muppets with peoples eyes,2010,Tumblr,0.0
based god,2010,,181.0
magali california dreaming,2010,YouTube,0.0
true meaning of determination,2010,YouTube,4.0
pokefusion pokemon fusion,2008,,0.0
suey is sad,2011,,0.0
epic head bobbing guy,2009,,0.0
kiez klatscher hallo werner,2004,,0.0
guymire,2011,Family Guy,1.0
chemtrail conspiracy theories,2010,,0.0
are you guilhermes friend,2011,,0.0
the crazy party face,2010,,0.0
dubstep remix videos,0,,1.0
even the children,2011,4chan,210.0
apathetic albatross,2011,,2.0
chubby bunny,0,YouTube,97.0
denis death,2010,YouTube,74.0
trower,2011,,210.0
oreimo cover art parodies,2008,,0.0
anti zombie fortress,2011,Reddit,5.0
age of empires,1997,,235.0
shut up and take my money,2010,,117.0
imaichi tan,2011,,1.0
portal 2 space personality core,2011,Portal 2,4.0
rule 63,2007,,114.0
drowning game,0,,88.0
excitement dance,2011,,5.0
konata de gozaimasu,2008,niconico,0.0
let james tate go to the prom,2011,Facebook,1.0
i found a carrot,2007,,0.0
fagelturken,2009,,3.0
nein mann,2011,YouTube,46.0
then maybe you shouldnt be living heeeeeeeeeeeeeere,2011,YouTube,0.0
notch head,2010,,45.0
orbo,2011,,150.0
accordingtopalin,2011,,0.0
pantskat,2011,,10.0
what do you mean you forgot the chicken nuggets,2006,,2.0
operation 50black,2011,4chan,0.0
friendship arsenal,2011,4chan,1.0
horrifying house guest shadowlurker,2011,4chan,1.0
murder face,2011,Reddit,203.0
roger rogers,2011,Facebook,210.0
little half squat,2008,,1.0
little meme that could,2011,4chan,2.0
its salmon,2011,niconico,117.0
indy901,2011,,3.0
let me google that for you lmgtfy,2008,,6.0
greedy heron pelican,2011,,2.0
stoner sam,2011,4chan,14.0
wafflemanhey bro i made some waffles you want some,2011,,1.0
berenice,2011,,182.0
uncyclopedia,2005,,235.0
x keeping it real in y,2011,,0.0
we are all someone,2011,,197.0
wolverine x akuma,2011,,1.0
hyadain,2007,niconico,34.0
werthers original,2003,niconico,145.0
captain hindsight,2010,South Park,6.0
the dollars,2010,,210.0
mexican pointy boots tribal guarachero,2009,,0.0
serkan is my girl,2010,YouTube,34.0
bow ties are cool,2010,,109.0
i am your grandma,2011,YouTube,25.0
nakasone off %E4%B8%AD%E6%9B%BD%E6%A0%B9off,2007,niconico,3.0
king david,2011,,210.0
stick figures,0,,235.0
hkgolden %E9%A6%99%E6%B8%AF%E9%AB%98%E7%99%BB%E8%A8%8E%E8%AB%96%E5%8D%80,2000,,1.0
accordion man,2011,,9.0
asdfmovie,2008,YouTube,104.0
twilight snapple,2011,,1.0
bad lip reading,2011,YouTube,23.0
deceiving bridget,2011,,1.0
the most interesting monster in the world,2011,Reddit,2.0
butter boy,2011,4chan,210.0
rooster named cry baby the sky is falling chicken little,2011,,0.0
introd,2011,,206.0
ted the caver,2001,,3.0
jack johnson,2011,YouTube,210.0
protect ip act stop online piracy act pipa sopa,2011,,2.0
i feel great face,2011,,0.0
half life,1998,,235.0
ooh cat,2011,,95.0
emo bunny,2011,,120.0
steven hawkings,0,,119.0
normal guy,2011,4chan,210.0
use of team eduard team jacob,2009,,2.0
the crown aint safe,2011,,3.0
leesten op youre geeting x jacked,2011,,0.0
angry school boy,2011,,10.0
kim jong il dead jokes,2011,,1.0
i sell propane and propane accessories,1997,,1.0
cema,0,,235.0
breaking bad comics,2011,Tumblr,34.0
bells jon actually jon,0,Tumblr,1.0
wyld stallyns did,1989,,2.0
never touched a boobydenied nerd,2011,Meme Generator,0.0
i am offensive and i find this,2011,YouTube,1.0
new jersey driving,2011,,210.0
pica kokot,1994,,2.0
aba karir,2011,YouTube,0.0
latino jesus,0,,108.0
social media douchebag,0,,0.0
michael rosen,2007,YouTube,209.0
shuric scan,2009,YouTube,0.0
sup brah,2012,,5.0
when did this become hotter than this,2012,Facebook,8.0
nobody expects the spanish inquisition,1970,,80.0
facade,2005,,235.0
official trailer fake,0,YouTube,0.0
a fuck pirate,2011,,71.0
batman approves,2005,,1.0
the ass was fat arthur sees a fat ass,2012,4chan,1.0
rivigs,0,,2.0
kat marx,2011,,1.0
so you wanna fuck,2003,,36.0
oh behave austin powers,2012,,14.0
serj knows a mi no me enganas,2011,,2.0
leo s,2012,YouTube,209.0
santaluces high racism,2012,,1.0
you like krabby patties dont you squidward,2001,Spongebob Squarepants,0.0
lucky guy conc,2012,Reddit,0.0
aqua dome kid,0,,0.0
slut,2012,,209.0
andreas hobers face,2011,Facebook,0.0
rabbit season duck season x season y season,1951,,1.0
raging x,2009,niconico,67.0
skinny jeans party kid,2012,,1.0
party temple its a club,2012,,1.0
douchebag pigeontroll pigeon,2012,,0.0
joe,0,,235.0
rooster teeth,2000,,196.0
just for you,2012,,209.0
sane girlfriend,2012,Reddit,1.0
undies jocks,2011,YouTube,3.0
photoshop,1988,,235.0
ill informed squid,2012,,0.0
lip dub edited videos,0,,0.0
faith hilling tennant,0,,0.0
disarmingly friendly great white,2012,,1.0
cheeseburger apocalypse,2010,,3.0
the situation vs the situationist,2011,,0.0
mouserbomb,2008,,0.0
i live my life,2012,,209.0
asian troll,2012,,45.0
doughty face,2012,,0.0
anna anka philosophy,2012,,0.0
willy wonkat,2012,,0.0
not that day,0,,235.0
cherpaderpohmagerdgayfagface,1900,,0.0
upvoting obama,2012,Reddit,3.0
welcome aboard,2012,,209.0
dougie,2007,,81.0
evil cows,2012,Reddit,11.0
oh you,2012,4chan,209.0
mary sue,1973,,235.0
cousin wiz khalifa,2012,,1.0
over educated problems,2012,Reddit,4.0
yoav dances,2012,YouTube,0.0
juliensblogbattle,2012,YouTube,100.0
kuk malwarebytes anti malwarekg remixes,2010,,2.0
internet lawyer,2012,Twitter,201.0
kumamon,2010,,109.0
passion yara mads,2008,niconico,0.0
bees,0,,235.0
tombs face,2012,Tumblr,1.0
new york city cryptic subway code,2012,Reddit,0.0
sonic original characters,0,,1.0
animorphs,2012,Tumblr,209.0
duck hunt,1984,Nintendo,235.0
granny like it,2012,,29.0
juudaime,2006,,5.0
lelbron,2012,4chan,15.0
wallying,2011,,1.0
usain bolt,1986,,5.0
no future furkan,2012,,0.0
shit im late for school toast of tardiness,2011,Tumblr,2.0
detcordpirate,2012,Facebook,0.0
chuckquizmo,1589,,2.0
niggas in paris,2012,,65.0
rube goldberg machine,0,,168.0
craigslist,1995,,235.0
karma whore,2000,,2.0
russian dancing men,2010,,143.0
santa can find you,2011,,22.0
poka poka,2010,niconico,210.0
internet archive,2001,,235.0
it was a good day,2009,Meme Generator,210.0
bad guy reagan,2012,meme generator,1.0
chanon,2011,,210.0
chuck from the bronx chuck saragossi thebronx19740,0,YouTube,0.0
chia romneyobama,2012,,1.0
that shiver when,2012,,0.0
pontifex,2012,Twitter,20.0
rich kids of instagram,2012,Tumblr,7.0
aristocat,2011,Reddit,188.0
star fox,1993,Nintendo,235.0
stoned fox %D1%83%D0%BF%D0%BE%D1%80%D0%BE%D1%82%D0%B0%D1%8F %D0%BB%D0%B8%D1%81%D0%B0,2012,,0.0
manic pixie dream girl,2005,,53.0
internet paraphilias,0,,0.0
ive seen better,2013,,65.0
cumbox,2012,Reddit,128.0
thanks obama,2009,,8.0
space station 13,2003,,95.0
xboxpsychic,2010,,3.0
my little pony fighting is magic,2011,,174.0
google maps,2004,Google,235.0
james may what would the british do,2013,,1.0
before you say i am stoling this art let me explain you a thing,2012,DeviantArt,3.0
intelligentcodfanboy,2011,,1.0
darec the seeker,0,,1.0
just little things,2010,Tumblr,204.0
the jester,0,,235.0
loch ness monster,1933,,201.0
greensleeves,1580,,235.0
leonardo da vinci,0,,235.0
bubbles,1445,,235.0
slacktivism,1995,,3.0
we president now,2008,4chan,19.0
fuck everything ferret,2013,,0.0
drum bass guy,2012,,3.0
the hey here i am mole,2013,Something Awful,0.0
top gun hat,2011,,109.0
aww pickles,2012,,2.0
whattheduck,2013,,3.0
my little pony equestria girls,2013,,191.0
small hawaiian pizzas,2012,Youtube,0.0
michael douglas cunnilingus remark,2013,,1.0
kidnap i prefer the term surprise adoption,0,,0.0
2013 brazil bus taxes protests,2013,Facebook,0.0
dravens mustacheleague of draven,2012,,2.0
books with a letter missing,2011,Twitter,0.0
humans of new york,2009,Tumblr,39.0
jaeger designer,2013,,25.0
drive soundtrack,0,,16.0
buzzfeed,2006,,64.0
black twitter,2010,,192.0
slanegirl,2013,Twitter,1.0
nothing is more x than y except z,2013,,0.0
what is this a center for ants,2009,,4.0
att 911 memorial ad controversy,2013,Twitter,1.0
andrea dipre,0,YouTube,0.0
2013 us government shutdown,2013,,3.0
2013 nyc motorcycle attack,2013,,1.0
drake,2007,,209.0
taylor swift,2002,,61.0
the great giraffe challenge,2013,Facebook,1.0
amelie,0,,235.0
scumbag parents,2011,Quickmeme,7.0
console wars console debates,1987,,1.0
only in battlefield,2013,Youtube,61.0
little busters opening parodies,2008,niconico,0.0
im hungry,2010,niconico,210.0
miiverse,2012,Nintendo,130.0
morningwin,2013,,0.0
herculoon circules,2014,,0.0
mindy kalings elle cover,2014,,0.0
small fact frog,2013,Reddit,4.0
i hate my job,2009,Reddit,210.0
surprise trust fall,2010,,5.0
xojane,2011,,154.0
alfonzo leave it to me,0,,0.0
copenhagen zoo giraffe killing controversy,2014,,0.0
twitch plays pokemon,2014,,4.0
robert downey jr,0,,150.0
rekt,2011,Urban Dictionary,41.0
snoop dogg blingee,2006,,1.0
x delivers y at z,2014,,1.0
douchebagchocolat demolition d,0,youtube,1.0
lucid dreaming,0,,235.0
frustrated sydney,2014,,0.0
juxtaposition,0,,235.0
phoenix games,2003,,235.0
do you want ants,2009,,2.0
adoseofbuckley,2009,YouTube,4.0
basic bitch,2009,Urban Dictionary,66.0
hailyolo,0,,0.0
hauls,2008,YouTube,173.0
boxxy waves,0,,0.0
redballoonsforryan,2014,Twitter,1.0
smash ballfinal smash,2008,,0.0
2014 laos an 74 disaster,2014,,2.0
oversharing,1997,,2.0
winnie the pooh,1926,,235.0
what kind of tree is this tree,2007,niconico,1.0
critters posting on 4chan,2009,4chan,1.0
how rude,1990,,234.0
do you think money grows on trees,1891,,1.0
marina abramovic,0,,26.0
craigitup,2014,YouTube,1.0
kendall jones hunting photo controversy,2014,Facebook,0.0
how to kill a mockingbird,2004,,224.0
ballpit challenge,2013,YouTube,0.0
jesus chatline,2011,,45.0
timetitles,2014,Twitter,0.0
unfollowaman,2014,Twitter,0.0
bionicle,2000,,235.0
oreimo,2008,,63.0
manningface,2014,,7.0
downton abbey,2010,,83.0
shower thought,2009,Urban Dictionary,8.0
ouran high school host club,2002,,235.0
naked banana,2014,Facebook,210.0
ray rice elevator assault video,2014,,2.0
urban outfitters controversies,0,,0.0
special snowflake,1999,,22.0
bruh,2014,Vine,192.0
laci green,2008,YouTube,59.0
dan savage,1964,,235.0
karching,2014,,0.0
the misadventures of skooks,2011,,1.0
ebowla,2014,Twitter,13.0
m night shyamalan,0,,117.0
where they at doe,2014,Instagram,14.0
gate suffix,1972,,1.0
gardevoir,2002,,227.0
thanksmichelleobama,2011,Twitter,2.0
mom get the camera,2011,YouTube,34.0
nimh,2011,,210.0
facebook names,2014,,210.0
trigger triggered slang,0,,0.0
snipars,2012,YouTube,96.0
you want me to put the x downthor,2013,Meme Generator,1.0
je suis nico,2015,Twitter,1.0
i just pirated microsoft paint,2015,,0.0
cuck,2007,Urban Dictionary,209.0
le toucan,2014,,82.0
dofus wakfu,2004,,231.0
big hero 6  2,2014,,119.0
padamalgam,0,,0.0
are you going to finish that croissant cwasont,2012,YouTube,1.0
love live school idol project,2010,,52.0
piero scaruffi beatles commentary,1999,,0.0
you have been spooked by the spooky skeleton,2012,,1.0
dancing kanye,2015,Instagram,6.0
are they still on namek,2006,4chan,0.0
tokyo ghoul,2011,,27.0
poi %E3%81%A3%E3%81%BD%E3%81%84,2013,,1.0
tokyo drift in a barbie car,2006,,0.0
on all levels except physical i am a wolf,2013,Vine,12.0
hex maniac,2013,,110.0
sarah palin joins boybands,2015,,0.0
high tail hall,2004,Newgrounds,229.0
george zimmerman skype raid,2012,,0.0
butt in bloodbornes cd,2015,Facebook,0.0
isabelle cannot be harmed,2015,,3.0
how oldnet,2015,,3.0
gluten free diet,0,,235.0
kawaii,2003,,235.0
github,2008,,112.0
goosebumps,1992,,235.0
the gamercat,2011,,54.0
doujinshi,1874,,235.0
walfas createswf,2007,,0.0
edexcelmaths,2015,Twitter,10.0
sonic_hedgehog,2009,Twitter,1.0
pony creator,2011,DeviantArt,164.0
the whip,2014,YouTube,210.0
don lemon,1991,,1.0
hey kid wanna see a dead body,2006,,0.0
baka,1336,,235.0
hoodini,2015,YouTube,43.0
ravioli ravioli give me the formuoli,2012,,171.0
wow hot a what baabhabhiat,2008,,0.0
ban zelda,2015,,3.0
threatking,2015,,1.0
piss vs lexicon,2015,,0.0
witch house,2009,,210.0
2014 slender man stabbing,2014,,2.0
hell march,1996,YouTube,150.0
captain america civil run,2015,Tumblr,5.0
flamel emule,2011,,0.0
topkek,2013,4chan,189.0
jimmy kimmel youtube gaming controversy,2015,,1.0
my life is potato,2013,YouTube,71.0
tony abbott,0,,12.0
istandwithahmed,2015,Twitter,2.0
wonder woman,1941,,235.0
donaldtrumpsgooglehistory,2015,Twitter,0.0
dr jean s banana dance,2015,Youtube,1.0
dat adam,2015,,74.0
poot lovato,2014,Tumblr,9.0
safe space,2015,,177.0
robert menard s anti kebab controversy,2015,,3.0
we are in the beam,2015,Team Fortress 2,4.0
you suffer,1987,,235.0
im at soup soup store,2015,,1.0
senran kagura,2011,,105.0
beetlejuicing,2013,Reddit,1.0
everyday life with bicycle cop,2015,4chan,1.0
metalcore,0,,235.0
today i learned til,2007,Reddit,2.0
david bowie,1967,,235.0
vinesauce joel,2010,,1.0
waka flocka flame,2009,,136.0
moshi moshi x desu,0,,0.0
youre in the club and this guy slaps your girlfriends ass,2010,,1.0
marge krumping,2016,Facebook,82.0
oj simpson murder trial,1994,,24.0
buruma,1903,,234.0
spongeknob squarenuts,2015,,19.0
iceberg charts,2011,4chan,1.0
potato parcel,2015,,16.0
nintendo s president does the youkai dance,2016,,0.0
cgp grey,0,,0.0
memehistory,2016,Twitter,3.0
dont touch the child,2016,Youtube,1.0
salvini in brussels salvini a bruxelles,2016,Twitter,0.0
you can t catch me gay thoughts,2012,,1.0
s e m e m,2001,,235.0
american idol,2002,,68.0
roastingkid1907,2016,,7.0
stoner sloth,2015,,3.0
get a job soup,2002,SpongeBob SquarePants,0.0
kabaneri of the iron fortress koutetsujou no kabaneri,2016,,15.0
last veteran of wwii battle group marching alone in victory day parade,2016,Facebook,0.0
fiz the living meme,2016,Twitter,0.0
azealia banks,0,,13.0
windows 10 automatic update,2015,,180.0
absolutely haram,2014,4chan,151.0
in a world of kardashians,2014,Twitter,64.0
african hillary,2016,,22.0
mrs maklam,2016,,2.0
dense jaune,2016,,2.0
maitjuw is a furry,2011,,0.0
misinformationalized you hear about video games,2010,,0.0
shufflegate,2016,,1.0
trumpgirlsbreaktheinternet,2016,Twitter,1.0
ballerina boateng,2016,,1.0
peter griffin,1999,Instagram,235.0
last time i came this early,2015,YouTube,4.0
born to die world is a fuck kill em all 1989 i am trash man 410757864530 dead cops,2014,Tumblr,0.0
the delegates donald,2016,,17.0
cat transcendence,2015,,21.0
ol stone cold,2012,Facebook,0.0
donald maroney,2016,Tumblr,2.0
gudetama,2013,,95.0
mw2 intervention,2007,,62.0
keep it going,2015,YouTube,209.0
stop it get some help,1987,,1.0
millennials are killing,2016,Twitter,80.0
dipp,2016,,1.0
toothpaste for dinner,2002,,235.0
seth rollins,2005,,36.0
the kebab guy,2016,,3.0
garfemon,2016,Tumblr,1.0
400 pound hacker,2016,,1.0
deus vult,0,,228.0
how dubstep was discovered,2010,YouTube,0.0
the meme renaissance of me_irl the great meme war of october 2016,2016,,1.0
tierry,2016,,141.0
my uncle works at nintendo,1980,,2.0
keep what you love give back the rest by zach urbina,2015,Tumblr,2.0
scarred stewie,2016,9gag,2.0
girl dresses up as no face and becomes a meme in the process,2016,,1.0
safetypin safety pin movement,0,,0.0
et cinnamon roll,2016,Reddit,4.0
backpackchallenge,2016,Twitter,0.0
fidel castro s death,2016,,0.0
montanaspinus,2016,,0.0
hi my names catrina,2016,Facebook,9.0
everyone i dont like is hitler,2015,,6.0
different cultures interpretations of jesus,2016,Facebook,1.0
george ciccariello mahers white genocide tweet,2016,Twitter,2.0
hollywood sign parodies,1923,,2.0
spongebob walk cycle,2003,SpongeBob SquarePants,1.0
pissgate the pee tape,2016,,1.0
scott steiner,1996,,235.0
madagascar,2005,,235.0
oreo moment rap meme oreo rap guy,2008,YouTube,0.0
lol cuck danganronpa,2016,,1.0
yaint,2016,Tumblr,45.0
xlegopro123x,2015,,0.0
shepersisted,2017,,2.0
is that to men,2015,Instagram,210.0
peanutizeme,2015,,1.0
clorox bleach youtube channels,0,YouTube,0.0
kemono friends,2015,,49.0
zoom in,2017,Twitter,43.0
subscribe to alaawiigames,2016,,1.0
laughs in spanish,1995,,1.0
pray4bougie,2017,,0.0
boo boo the fool,1958,,1.0
ted cruz looking pleased,2017,,0.0
excuse me miss,1943,,235.0
flushed away,2006,,148.0
i didnt know there was this much green in the whole galaxy,2017,,1.0
soundcloud vs bandcamp,2017,,5.0
khan shaykhun bombing,2017,,0.0
chuck e cheese stare,2014,Tumblr,0.0
bwoah,0,,1.0
white house easter bunny,2017,,8.0
kid rock ted nugent sarah palin white house photo,2017,,2.0
faceapp,2017,,2.0
bookface,2012,Twitter,123.0
10 bands ive seen,2017,Facebook,1.0
you probably dont recognize me because of the red arm,2017,,0.0
steamed hams,1996,,4.0
bibi h how it is,2017,,4.0
a series of unfortunate events cover parodies,2017,Reddit,1.0
saturdays are for the boys,2016,Twitter,109.0
matthew silver,2012,,100.0
the horses name was friday,2004,,1.0
ideal gf,0,,0.0
animaniacs,1993,,218.0
thefloorislavachallenge,2017,Instagram,0.0
spongebob cops,2017,Reddit,23.0
its radical,2010,,122.0
rare steak,2017,Instagram,209.0
nikos giannopoulos white house portrait,2017,Facebook,1.0
thanks to the miracle of the world wide web,2016,,0.0
how to talk to short people,2014,Imgur,5.0
nothing burger,1953,,2.0
that damn smile,2017,Instagram,178.0
the truth about sans sans is ness,2016,YouTube,1.0
miyako,2017,,209.0
teens summer 2017 bucket list,2017,Twitter,1.0
melted duck on a dashboard,2017,Twitter,1.0
the wrong face,2017,,35.0
if my girl drowning,2016,Twitter,0.0
swear jar,2017,Tumblr,209.0
local milk people,2017,,2.0
logo remixes,2008,YouTube,0.0
disneywithexplosions,2016,Vine,0.0
jimmy fallon,0,,142.0
wesearchr,2016,,14.0
none but in yellow,0,,0.0
garys song gary come home,2005,SpongeBob SquarePants,0.0
russian bias,2012,,18.0
to survive in the wild,2017,,207.0
tell cersei i want her to know it was me,2017,Twitter,9.0
vsauce edits,2015,,1.0
bodega startup controversy,2017,,0.0
jim carreys were nothing rant,2017,,0.0
drive like your kids live here,2016,Facebook,11.0
nothing but respect for my president,2017,Twitter,18.0
fandomperson,2017,,2.0
skull comparisons,2016,,0.0
the exuberantraptor,2016,,1.0
knack,2013,,210.0
mayim bialiks new york times editorial,2017,,2.0
cereal or milk first debate,2007,,0.0
tenacles meme,2017,,2.0
brainlet,2017,4chan,167.0
chicago bean facebook events,2017,Facebook,1.0
hillary clinton uranium one conspiracy theory,2015,,2.0
cyclist flipping off donald trumps motorcade,2017,,0.0
dream bunny,2017,Youtube,116.0
his hand doesnt even move,2009,YouTube,3.0
louie gohmerts uranium one chart,2017,,0.0
pope francis signs a lamborghini,2017,Facebook,0.0
stacked safari tabs,2017,,0.0
thanksgiving grandma,2016,Twitter,6.0
esketit,2016,,66.0
tony bamanaboni at the door,2017,,0.0
california wildfires,0,,5.0
ay bby want sum fuk,2012,,4.0
the crash wasnt your fault,0,,0.0
14 dec 2017,2017,,2.0
ernie gang,2017,YouTube,17.0
google translate edits,2017,Reddit,13.0
tsuchinoko real,2017,Tumblr,3.0
timstar,0,,17.0
justin timberlakes man of the woods,2017,,2.0
meltdown and spectre,2018,,5.0
soy boy face soyjak,2016,4chan,3.0
obvious plant,2015,,38.0
pencil music,2018,YouTube,209.0
sex dolls,0,,136.0
always go for this only villains do that,2017,Twitter,0.0
larry nassar sexual abuse trial,2018,,0.0
is that porn,2018,,209.0
super bowl lii,2018,,4.0
justin timberlakes super bowl halftime show selfie kid,2018,,1.0
donald trumps hair,1976,,12.0
the red,2018,,209.0
minister you satoshi,2017,4chan,0.0
double cheeked up,2015,YouTube,48.0
trumpdating,2018,,3.0
hey theres grant slap him in the face with my penis,2017,,1.0
only one business in the galaxy gets you this rich,2017,,1.0
why is brooklyn bbq taking over the world,2018,Twitter,1.0
globglogabgalab,2018,YouTube,37.0
who created kirby,2018,Google,6.0
rex tillerson,2017,,7.0
oh you havent heard,2016,Twitter,2.0
four pictures of jennifer lawrence,2014,,1.0
march for our lives,2018,,3.0
we need a disney princess,2017,Twitter,2.0
jeff sessions time cover,2018,Twitter,3.0
2018 youtube headquarters shooting,2018,,2.0
you won this hole,2015,Tumblr,6.0
study with me clip,2015,YouTube,1.0
starbucks philadelphia arrest controversy,2018,,0.0
lil tay,2017,Instagram,10.0
those chickens are up to something,2000,,1.0
eye of the preterite style,2013,,1.0
cheap thrills,2017,YouTube,128.0
thats amore,1953,,51.0
don blankenship campaign advertisement,2018,Twitter,0.0
bonus meme,2017,YouTube,201.0
the silent protector,2016,Facebook,3.0
jimmy fallon and lorne michaels ignore a cheerleader,2011,,1.0
god of war 2018,2018,,10.0
you literally just posted a video of you killing a single person as zenyatta,2018,Facebook,0.0
spygate,2018,Twitter,18.0
insecure fappin spongebob,2018,Spongebob Squarepants,1.0
oh sugar honey ice tea,2005,,0.0
muscle growth,1960,,235.0
facetime,2010,,179.0
free robux,2006,,83.0
st paul raccoon,2018,,1.0
teah thomas,0,,0.0
gamestop,1984,,222.0
megamind,2010,,30.0
maradonas world cup celebrations,2018,,1.0
tommy robinson,0,,84.0
hack successful,2018,Reddit,6.0
bubble bass,1999,SpongeBob SquarePants,46.0
blackpink,2016,,133.0
march 4th 2016,2015,,2.0
roblox gang rape,2018,Facebook,2.0
nomenmidterms letwomendecide,2018,4chan,1.0
nigros,2018,,209.0
2 waters please,2016,,1.0
nothings changed,2018,Tumblr,37.0
landolf,2013,,29.0
warioware gold,2018,Nintendo,10.0
emuparadise,2000,,235.0
man literally too angry to die,2017,Facebook,23.0
stew,2018,,209.0
2018 hurricane lane,2018,,2.0
dancing theresa may maybot,2018,,1.0
why cant i hold all these eggs,2018,Tumblr,0.0
zina bash white power sign controversy,2018,Twitter,0.0
machine gun kelly,2006,,46.0
bissonmickey,2018,,1.0
tom nook at a desk,2018,YouTube,2.0
lenny kravitzs giant scarf,2012,,2.0
whyididntreport,2014,Twitter,0.0
elijah wood on a scooter,2018,Twitter,3.0
september 30th vs october 1st,2014,Twitter,1.0
spiderman ps4 true fact,2018,,0.0
911 whale call,2018,Facebook,1.0
a scary time,2018,YouTube,10.0
elon chan,2018,Twitter,19.0
president nadine lustre,2017,Twitter,2.0
kowalski,2018,,209.0
miley cyrus blue eyes,2018,Twitter,19.0
ben jerrys pecan resist ice cream,2018,,1.0
jumbotron proposal reaction,2018,,3.0
kda,2018,,36.0
terrace house,2012,,209.0
angry jigglypuff,2018,,18.0
iggy azalea bhad bhabie feud,2018,,2.0
no take only throw,2015,Tumblr,166.0
blink motherfucker,2018,Instagram,6.0
get woke go broke,0,,0.0
puppet pals,2010,,188.0
what are you doing wednesday,2018,,3.0
tenaha police department drug bust photograph,2018,Facebook,0.0
to measure my abilities,2009,Naruto,0.0
souljagame,2018,,11.0
i am so proud of this community,2018,,24.0
jizzus christ,2007,4chan,0.0
rezz,2015,,129.0
the trucks coming oh my god he has airpods in,2016,YouTube,0.0
najib razak,2009,,171.0
im an e girl who plays video games,2019,Twitter,1.0
i kissed her,2019,,210.0
average suitcase,2015,,72.0
are we the baddies,2006,,1.0
darth vader shards of the past star wars fan film controversy,2018,YouTube,1.0
7 rings,2019,YouTube,18.0
keemstar screaming,2016,,16.0
reddit i stole it watermark,2019,Reddit,0.0
roger stone,1972,,31.0
social media influencer,0,,1.0
what if we used 100 percent of the brain,2018,,2.0
i want it i got it,2019,,210.0
chi interrupts,2019,,1.0
liam neeson racist revenge story,2019,,1.0
mambo no 5,1999,,219.0
goop,2008,,180.0
who gon check me boo  2,2009,,0.0
goodbye mom,2012,,176.0
alexandria ocasio cortezs lightning round corruption game,2019,Twitter,0.0
brawl stars ost battle 2,2018,Reddit,0.0
you better watch your mouth,2017,,13.0
ditzyflama,2011,,2.0
egot,1984,,41.0
the hero reads a most unsettling passage,2015,,1.0
sphere cow,2010,,1.0
minecraft armor parodies,2019,Reddit,1.0
i am no man no man can defeat me,2003,Reddit,0.0
plan with me,2015,YouTube,210.0
walking back to the target bathroom to rewipe my ass,2018,Reddit,0.0
you are bad guy,2013,,210.0
parry this you filthy casual,2018,Imgur,126.0
sexy ice cream man,2019,,1.0
gerard smirk,2019,,0.0
im baby,2017,Tumblr,209.0
sekiro shadows die twice,2019,,6.0
creepy garfield gorefield,2018,Instagram,0.0
muslim womens day,2017,,5.0
verified twitter accounts,2009,Twitter,51.0
jim carrey and alessandra mussolini twitter feud,2019,Twitter,0.0
the labrant fam puppy controversy,2019,YouTube,0.0
im in this photo and i dont like it,0,Facebook,0.0
chimney day,2018,Reddit,78.0
ascii normal heart rate,2010,Twitter,0.0
shindanmakers personality alignment test,2019,,0.0
kernkraft 400  2,1999,,0.0
feeling cute challenge,2019,Facebook,3.0
jonathan frakes beyond belief supercuts,2019,Twitter,2.0
im sorry little one,2018,,34.0
change uks logo,2019,,0.0
slap in the face,2019,Twitter,209.0
fat thor,2019,,4.0
mondaymotivation,2009,Twitter,0.0
reiwa,2019,,4.0
ryan is driving,2016,YouTube,26.0
james holzhauer,2014,,2.0
sweet dreams but i put kahoot music over it,2017,YouTube,1.0
chris fleming,2011,,196.0
jesus strikes back,2019,,10.0
coughing varys,2019,,2.0
thank you random citizen,2010,,0.0
mordhau,2019,,10.0
the snp scottish conservatives political rivalry,2014,,0.0
the lonely island presents the unauthorized bash brothers experience,2019,,2.0
remainer logic,2019,Twitter,0.0
2019 mount everest deaths,2019,,2.0
know your fucking place trash,2016,YouTube,14.0
avengers with acrylic nails photoshops,2019,Twitter,1.0
save our nhs,2019,,11.0
wooloo,2019,,16.0
you hate to see it,2012,Twitter,116.0
geraldo del rivero,2016,Reddit,4.0
bria badus natural birth control tweet,2019,Twitter,1.0
wagie,2015,4chan,9.0
pigeon simulator,2019,,3.0
lobotomy corporation,2018,,208.0
my friend pedro,2014,,181.0
pulling chief wiggum,2019,Reddit,1.0
youre a good man thank you,2019,,3.0
beto orourke speaking spanish,2019,,0.0
deep fried conversations,2019,,1.0
oh billy im really proud of you,2019,,0.0
obama awards obama a medal,2017,,3.0
storm area 51,2019,Facebook,4.0
axel f,1985,,235.0
moana marijuana cake,2019,,2.0
i was likewoah luv,2019,Instagram,0.0
all about steve,2009,,38.0
pewdiepies minecraft lets play,2019,,0.0
joker police chase,2019,,0.0
donald trumps presidential seal,2019,,0.0
killer instinct,1994,,235.0
king of random,2010,YouTube,4.0
obsessed dance challenge,2019,,0.0
sksksksk,2017,Urban Dictionary,21.0
there is nothing about this i understand,2015,,1.0
obstagoon,2019,,33.0
with this characters death,2002,,0.0
freedorothy,2019,Twitter,2.0
press f on the worlds smallest keyboard,2019,Twitter,0.0
thats my type,2019,,75.0
2019 instagram privacy deadline tomorrow notice hoax,2012,Facebook,0.0
thicc or treat buff skeleton,2017,Instagram,0.0
alec holowka sexual abuse allegations,2019,Twitter,0.0
2019 hurricane dorian,2019,,2.0
get ready for brexit,2019,Twitter,8.0
trans people im trans,2019,Twitter,5.0
clap those alien cheeks,2019,,0.0
coomer,2019,4chan,172.0
boris johnson sitting on a bench,2019,,0.0
monkey putin,2017,4chan,5.0
nobody has yet described kavanaughs genitalia,2019,YouTube,0.0
justin trudeau brownface controversy,2019,,1.0
korean players,0,,4.0
thanks richard,2019,,27.0
l and w slang,2003,,1.0
joke is on you,2019,,193.0
heartbeat,2018,,209.0
alex jones clones,2016,4chan,1.0
puyo puyo,1991,,235.0
firework,2018,,20.0
wow i didnt know it did that,2019,,1.0
i went to india not indiana,2018,Facebook,3.0
hey back off,2019,Instagram,101.0
dioyoumeme,2018,Youtube,2.0
fuck x all my homies use y,2017,Instagram,0.0
blowfly girl,2005,,1.0
boss makes a dollar i make a dime,2015,Imgur,7.0
blanche,2016,,210.0
majors be like,2012,Twitter,1.0
dancing israelis,2001,,17.0
phil swift slaps on flex tape,2019,Reddit,0.0
ksi vs logan paul 2,2019,,2.0
northwestern journalism controversy,2019,,2.0
home depot theme,2013,,134.0
soundboard dog,2019,YouTube,11.0
girl crying next to a kissing couple,2016,Twitter,1.0
smooth bernie,2019,,9.0
they fly now,2019,,124.0
snom,2019,,24.0
are you in the right headspace,2019,Twitter,3.0
man smacking cards down on table,2017,YouTube,0.0
i am going to eat this ice cream with my tactical shovel,2019,YouTube,0.0
taylor swifts eggs,2019,Twitter,2.0
things that dont exist,2016,,7.0
scarlett johansson dancing,2019,Twitter,15.0
kanye and jay z reunion,2019,Twitter,0.0
wine cave,2019,,2.0
everyday we stray closer to god,2019,,0.0
kevin spacey accusers death conspiracy theories,2019,Twitter,0.0
geralts fuck,2019,,2.0
delete this  4,2019,,7.0
hardvapour,2015,,4.0
gribble,2020,,6.0
let me put it in a language you can understand,2019,,3.0
nikkietutorials,2008,YouTube,35.0
say so,2019,,210.0
kirby has found your sin unforgivable,2019,Reddit,5.0
tom steyer and bernie sanders martin luther king jr day interaction,2020,Twitter,1.0
2020 furcon domestic abuse incident,2020,Twitter,0.0
kipo and the age of wonderbeasts,2020,,21.0
letterkenny,2013,YouTube,210.0
calling kobe bryant at 3am,2020,YouTube,2.0
pinched fingers emoji,2020,,98.0
coke energy,2019,,9.0
your music saved me,2020,Twitter,25.0
monopoly,1935,,235.0
calvin candie,2012,,38.0
hussain chillts ex boyfriends bitch,2020,,1.0
bill nyes runway dance,2020,,1.0
mike bloombergs sponsored instagram memes,2020,Instagram,1.0
sometimes if you listen very carefully you can hear my genius,2017,,0.0
vectors hey,2010,Reddit,1.0
charlotte awberys subway shallow performance,2020,,0.0
tank sinatra,0,,2.0
asexual cake,2004,,2.0
spotify top fans,2020,,2.0
prageru,2009,,0.0
bob ross challenge,2013,YouTube,2.0
amabie,2020,Twitter,33.0
ori and the blind forest,2015,,17.0
bro explaining,2011,,1.0
friezas ill ignore that,2017,,2.0
corona katie,2020,Twitter,16.0
release the butthole cut,2020,Twitter,1.0
netflix party,2016,,185.0
poop challenge,2020,Facebook,8.0
prince william be like,2020,,6.0
caramelldansen lights,2019,,2.0
new jerseys twitter account,2018,,1.0
bestmemes coronavirus stayathome survey controversy,2020,Instagram,1.0
coronavirus 5g conspiracy theory,2020,Facebook,4.0
alright well call it a draw,1975,,0.0
social distancing logos,2020,,7.0
call of duty warzone,2020,,16.0
kawaiiartsmr drew my sister controversy,2020,Twitter,1.0
i have two sides,2013,,64.0
candace owens,2015,,9.0
viper x com,2016,,3.0
vinkle,2020,,62.0
sticky challenge,2020,,16.0
your honor comic,2013,,1.0
go to horny jail,2020,,122.0
couple watching a movie from bed,2020,Instagram,1.0
oscar proud running,2005,,0.0
bike riding monkey kidnapping toddler video,2020,,1.0
i have a boring but important question,2020,Twitter,0.0
bilibili,2009,,125.0
anime is an important part of our culture,2019,,27.0
doug walker pointing at computer,2019,YouTube,0.0
helvetica standard edits,2020,Facebook,0.0
imblackmovement,2020,,0.0
parallel universe discovery,2020,,4.0
officer jaffe,2020,,5.0
t rex runner,2014,,93.0
yummer,2020,,21.0
trouble with the trolley eh,1999,,1.0
karens going wild,2020,,9.0
derpibooru,0,,0.0
tucker carlson celebrities bailing out looters and rioters video,2020,,0.0
jenny69,2012,YouTube,2.0
internet archive shutdown threat,2020,,1.0
shtf,0,,183.0
belle delphines im back,2020,YouTube,0.0
this and a blunt,2020,Twitter,190.0
one hand water challenge,2020,Twitter,0.0
shotguns in ww1 kaiser mad,2018,Reddit,1.0
eye mouth eye emoji %F0%9F%91%81%F0%9F%91%84%F0%9F%91%81,2015,,1.0
brime,2020,Twitter,1.0
are yall with the cult,2002,,0.0
big time socialists,2020,Twitter,4.0
make it stop storytimes,2020,,1.0
mask off,2017,,78.0
july 2020 i am giving back twitter hack,2020,Twitter,0.0
doras kabedon doras pairing,2020,Twitter,2.0
sodapoppin,2012,YouTube,148.0
mlb cardboard cutout fans,2020,Twitter,2.0
americas frontline doctors coronavirus press conference,0,,0.0
biblically accurate angels be not afraid,2016,Tumblr,0.0
2 2 5,0,,235.0
jokes on you im into that shit,2019,,5.0
jacarina shader,2020,,1.0
doravmon,2020,Facebook,9.0
disney dog filter challenge,2020,Facebook,2.0
cancel genghis khan,2020,Twitter,2.0
a nuclear bomb is heading for,2020,,1.0
guardian tales,2020,,179.0
perhaps i treated you too harshly,2019,,29.0
miss bruno,2020,,166.0
mommy e thot,0,,0.0
jessica krug racial identity controversy,0,,1.0
what happened to men,2020,Twitter,210.0
yoshihide suga,0,,0.0
mreviatars growling chihuahua,2020,,0.0
if you like sbmm in video games,2020,Twitter,1.0
strongest man vs weakest man,2020,,0.0
the metamorphosis,1915,,235.0
confused unga bunga,2010,,0.0
spongepls,2019,YouTube,2.0
this is not okie dokie,2018,YouTube,40.0
red cup challenge,2020,,13.0
mario judahs die very rough,2020,YouTube,0.0
the anti ad ad club,2020,,0.0
darling darling twerk for me dance,2020,,0.0
nigel ng uncle roger,2015,,2.0
i know more about wind than you do,0,,1.0
susana distancia,2020,Twitter,13.0
butterdog,2020,,17.0
shoto copypasta,2020,,0.0
x dances to gimmick pages,0,,0.0
the monkey is furiously knocking at the door,2016,YouTube,1.0
they say you attract what you fear,2017,Twitter,3.0
watching until i laugh,2020,YouTube,8.0
slav cat slav cheebs,2018,,0.0
emet selch,2019,,134.0
i kneel kneeling vegeta,2019,4chan,0.0
kakyoin noriaki,1989,,2.0
jake paul vs nate robinson fight,2020,,2.0
baby patrick,2019,SpongeBob SquarePants,125.0
big slappy,2008,,0.0
the galactic federation,2020,,4.0
panopticon,2013,,210.0
receiving many messages from gamers,2020,Twitter,0.0
cyberpunk 2077 glitches,2020,,4.0
technoblade,2013,,110.0
jojo whispering to surprised emma roberts,2020,,0.0
i fucked your bitch you fat mother fucker,2020,,4.0
jake angeli qanon shaman,0,,0.0
join covenant,2011,,128.0
after all why not why shouldnt i keep it,2013,,0.0
liberal avengersposting,2020,Twitter,0.0
doomscrolling,2018,Twitter,61.0
pui pui molcar,2021,,150.0
mac and charlie crying,2006,,1.0
tiktok fart remixes,2020,,0.0
chav girls looking back,2021,,0.0
self proclaimed free thinkers so called free thinkers,2021,Twitter,0.0
tf2 x splatoon alliance,2021,Reddit,0.0
he scream at own ass,2014,Tumblr,13.0
dramatic moments bgc drama effect,2021,,0.0
beeple mike winkelmann,1980,,1.0
deep nostalgia,2021,,2.0
david dobrik,2013,,32.0
wandavision ship of theseus conversation,2021,,2.0
they them pronouns are confusing,2020,Twitter,1.0
kenshi,2018,,198.0
underhero,2018,,73.0
new captain america,2021,,25.0
cat crying into microphone,2019,Reddit,1.0
stop crying its just a movie its just a game,2021,Twitter,2.0
little dark age,2017,,27.0
bringback2012 angry birds,2019,,0.0
cat being dragged from window,2018,Twitter,3.0
as a kid as an adult,2019,Facebook,177.0
in this essay i will,2017,Tumblr,180.0
april 24th national rape day 424 tiktok trend,2021,Urban Dictionary,0.0
starts beatboxing please stop beatboxing,2020,Twitter,0.0
rawe ceek,2020,Instagram,13.0
long boi duck,2021,Reddit,6.0
starbucks order parodies,2021,Twitter,2.0
don cheadle word of the day,2019,,20.0
ratatouille,2007,,49.0
we do not grant you the rank of master,2005,,1.0
121 gigawatts,2015,,2.0
adrians kickback,2021,,2.0
marvel eternals trailer,2021,,14.0
samsung sam,2021,,2.0
how society wants men to dress how men actually want to dress,2017,,2.0
red bird laughing then staring,2021,Instagram,0.0
goop on ya grinch,2017,Twitter,1.0
bnuuy,2020,Reddit,129.0
jean luc picard  2,1987,,0.0
heart locket gif,2008,,3.0
william knight there is no such thing as a coincidence,2020,,0.0
submissive and breedable,2021,Twitter,32.0
banana man tally hall song,2004,,0.0
nick gurr,0,,1.0
mario judahs miss the rage,2021,YouTube,1.0
here comes the boy hello boy,2021,,13.0
forehead touch perspective,2020,Instagram,3.0
freedom phone,2021,,4.0
2020 tokyo olympics anti sex beds hoax,2021,Twitter,0.0
thoth,0,,235.0
speculative evolution,0,,0.0
centaur adam driver,2021,,2.0
spongebob doxxing your ip address,2021,YouTube,1.0
theythem pussy thussy thussy,2017,Tumblr,0.0
moldy memes,2016,Facebook,2.0
thundercats  2,1985,,48.0
idris elba as knuckles,2021,Twitter,1.0
bem te vi,2021,Instagram,210.0
splitgate,2019,,8.0
all body shapes are beautiful,2016,,2.0
jerma985s dollhouse stream,2021,,0.0
bukit batok manhole explosion,2021,Facebook,0.0
worthikids ian worthington,1996,,3.0
pov youre getting arrested,2021,,0.0
artflowai,2021,,0.0
rick owens furry,2019,Instagram,3.0
epic gamer grandma,2019,,1.0
library of ruina,2021,,208.0
ej come water,2021,,6.0
thor god of war ragnarok,2021,Twitter,12.0
blue_channel thalasin,2021,YouTube,0.0
that cat is not dancing,2021,YouTube,5.0
dick sucking factory,2010,Twitter,1.0
out of the way pretty boy,2013,,2.0
snotty boy glow up,2021,,7.0
save me a slice its enough slices,2021,,0.0
what do men write in the notes app,2021,Twitter,0.0
its about drive its about power the rocks rap verse face off,2021,,0.0
joker arc,2019,Twitter,40.0
blfc hallway cum pizza,2021,,2.0
mistah merriku bugs in anusu masuda posting,2019,4chan,2.0
teamseas,2021,,11.0
yo holy shit he dead,2015,Vine,0.0
toronto debby,0,,0.0
well plant one tree for every pet picture,2021,,1.0
of course you have blue hair and pronouns,2021,,4.0
yoasobi gunjou,2020,YouTube,155.0
memes from dreams this meme came to me in a dream,2018,Reddit,0.0
battlefield 2042,2021,,16.0
how do you open,2021,Twitter,210.0
hey friend listen its gonna get way worse,2016,Tumblr,0.0
the storyteller,2013,,210.0
nurse carrying poop,2021,Reddit,3.0
i was just about to consume this delicious banana,2005,,2.0
ghh im gonna brown im shittsing,2021,Twitter,0.0
jorts the cat,2021,Reddit,11.0
sharpness 5 pickaxe gore video,2021,,0.0
huggy wuggy poppy playtime,2021,,85.0
drunk andy cohen,2022,,6.0
bjorks riddle,2021,Twitter,2.0
sable able,2001,,5.0
the litle tiepnsy,2020,Twitter,0.0
selling dick pics 10 ball pics,2019,Reddit,1.0
trad boywife trad husband,2021,Twitter,0.0
the wonderland system,2021,,2.0
none of these words are in the bible,2020,Twitter,2.0
wade lebrons dunk picture,2010,,0.0
the backrooms found footage,2022,YouTube,85.0
the tiger by nael age 6,2016,Twitter,0.0
narrative device,2022,,29.0
hello young lady,2014,YouTube,5.0
enough champagne to fill the nile,2021,,7.0
antinatalism,0,,12.0
atumalaca acumalaka,2008,Youtube,0.0
my dress up darling,2018,,12.0
ukraine this is not a meme,2022,Twitter,0.0
lauren boebert,2021,,8.0
heres your surprised fast food worker,2020,Twitter,1.0
robert pattinson,1986,,163.0
i miss you daddy its been a year daddy,2004,Newgrounds,0.0
mei lee drawing in her notebook,2022,,0.0
how long do emos live how long do short people live,2021,,4.0
oh man hes just like me,2014,Twitter,1.0
short king,2018,YouTube,209.0
pauly shores pinocchio a true story dub,2022,,0.0
cj and big smoke mods,2014,,1.0
the bite of 83,2015,,7.0
leon the lobster,2021,YouTube,46.0
kids had their fun already now its real mens turn,2022,Twitter,3.0
going for the golden scar,2022,,1.0
kingdom hearts iv,2022,,2.0
the balls harden,2021,YouTube,1.0
dangerman the black superman,2007,YouTube,1.0
creator clash,2021,YouTube,5.0
put all three in there,2019,Reddit,180.0
auronplay,2006,,0.0
bill gates walking bill gates boobs,2021,Twitter,0.0
hello neighbor matpat,2020,Twitter,3.0
disinformation governance board,2022,,3.0
2022 supreme court overturning of roe v wade,2022,,1.0
gimr tech,2022,Twitter,1.0
npc update chip,2018,4chan,2.0
savannah bananas,2016,,63.0
my friend justin is cracked at fortnite my guy,2020,,1.0
german burger king,2022,,9.0
simp squirrels in my pants,2009,YouTube,1.0
everyone please do not announce to the server when you are going to go masturbate,2022,,3.0
meowbahh,2022,,4.0
gorr the god butcher,2012,,7.0
woman saying 30000,2017,YouTube,0.0
the true 4chan kid,2011,YouTube,3.0
judy hopps  2,2015,,22.0
war thunder military document leaks,2021,,2.0
sudden adult death syndrome sads covid 19 vaccine conspiracy,2021,Twitter,3.0
silly baby seal with tongue out ponsuke kun,2022,Instagram,0.0
lamda google sentient ai,2022,Google,2.0
x has become catholic,2013,Tumblr,1.0
boner alert,2011,YouTube,18.0
wanna buy a box of thin mints,2006,,0.0
drive 2011,2011,,65.0
city boy slang,2019,Twitter,3.0
naomi elizabeth,2010,YouTube,147.0
halal goku,2015,Instagram,1.0
teen singing to his goat,2022,,0.0
we have come for your wondertart,2022,,5.0
put your shoes on mom needs you to fight someone,2022,,0.0
hey with the intention of,2022,Twitter,13.0
replika ai,2017,,79.0
i am the storm that is approaching,2020,YouTube,94.0
mrbeast vs pewdiepie third and final great subscriber war,2022,YouTube,0.0
carrying your love,2022,,16.0
tumblr color theory childrens hospital post,2019,Tumblr,0.0
momlife comics,2021,Instagram,2.0
ana mardoll lockheed martin controversy,2022,Twitter,0.0
my horny ass could not x,2021,Twitter,1.0
jennette mccurdy 2022 memoir allegations against dan schneider,2022,Twitter,0.0
angel shot,2017,Twitter,6.0
take for example death war hunger,2022,Twitter,0.0
ara ara army,2022,,49.0
does it really matter earth zoom out to universe,2022,,0.0
so i tied an onion to my belt which was the style at the time,1993,The Simpsons,2.0
body count detector,2022,,2.0
what was he cooking,2020,YouTube,164.0
arkham world,2022,Reddit,197.0
boyfriend haul,2022,,6.0
mark zuckerbergs 2022 joe rogan experience appearance,2022,,1.0
sam hydes im coming to kill you no in real life,2022,Twitter,2.0
in order to be born copypasta,2019,Facebook,1.0
spongebob sings ai characters sing,2018,YouTube,0.0
im a villain not a monster,2021,,2.0
autism be damned my boy can work a grill,2020,Facebook,0.0
king charles iii,2022,,5.0
andrew tate gta 5 povs,2022,,1.0
oh my god ohmagaa sound effect,2015,Vine,0.0
me when i post x on x put my phone on vibrate and put it in my ass,2013,Twitter,1.0
the minute ly object show,2021,YouTube,0.0
fuck this job goes to work,2021,Twitter,2.0
among us eyes,2022,Twitter,70.0
steven universe gays,2022,,0.0
giorgia meloni,2022,,6.0
what would baby me think remembering that im talking about her,2022,,0.0
i hid it really well growing up,2022,,0.0
2022 fishing cheating scandal,2022,,1.0
padre kelmon,1976,,3.0
slay slang,2003,Urban Dictionary,0.0
bfd,2022,,105.0
super sus,2017,YouTube,209.0
imma need that x,2021,,1.0
lab01,2017,,0.0
top 10 jobs kids want,2021,Twitter,2.0
kanye tells biden thats fucking retarded,0,,0.0
sped up tiktok audios,2016,,0.0
greavard,2022,YouTube,15.0
cancel koda,2022,,1.0
rahul ligma and daniel johnson,2022,Twitter,1.0
fryboy fryboydb,2022,,0.0
pochita,2018,,51.0
aielieen1 twitch nudity ban,2022,,0.0
2022 elon musk twitter parody account bans,2022,Twitter,2.0
degloved face,2022,,9.0
ice spice twerk signature move,2021,YouTube,0.0
gmna,2021,,210.0
ska tune network skatune network,2016,,2.0
gandalf sax,2012,YouTube,69.0
nemona,2022,,35.0
mario kart racing edits,2019,Twitter,2.0
lice outbreak at the alex g concert in philly,2022,Twitter,0.0
maxwell the cat spinning cat,2022,,7.0
goto san you have a huge cock,2022,Twitter,1.0
rika pokemon,2022,Twitter,15.0
leopoldo,2018,,209.0
winton overwat overwatch,2017,,1.0
rich campbell,2016,,195.0
armored core,1997,,235.0
poor ronaldo girl,2022,,3.0
patrick bateman on a bike and two penguins humping,2022,,0.0
artstation anti ai protest,2022,,1.0
john mastodon,2022,,6.0
messi autism speculation messi is autistic,2022,Twitter,0.0
celebrity death prank,2022,,3.0
homesick for a place im not even sure exists,2017,,1.0
gran hermano argentina big brother argentina,2001,,2.0
cursor park,2021,Twitter,28.0
bad bunny throws phone,2023,Twitter,2.0
puss in boots the last wish,2022,,16.0
big brother brazil,2002,,170.0
2d creature and her gems,2022,,0.0
draw x in ys style,2012,Twitter,1.0
down bad,2009,Twitter,210.0
sigma face,2022,,155.0
shakira eres tu are you shakira,2022,,2.0
batman i caught a little pokemon there are no laws against pokemon batman,2022,,0.0
tham ngan,2015,YouTube,96.0
her way dance,2023,,149.0
gwinie_the_pooh old man working out tiktok video controversy,2023,,0.0
this is cinema,2019,Twitter,210.0
chatgpt dan 50 jailbreak,2023,Reddit,0.0
drake cake nothing was the same cake trend,2022,,1.0
forgis i put the new forgis on the jeep,2023,,29.0
just walk out you can leave running skeleton,2018,Twitter,2.0
pizza tower special guest fanart,2023,Twitter,2.0
soyjakparty,2020,,1.0
this is what men like right,2019,Twitter,156.0
slv_soundss ohh what the hell,2018,YouTube,1.0
im smoking on bhutanese shadow garden grown dark evil pack,2023,Twitter,0.0
del valle vs flamengo,2023,Twitter,2.0
cammy stretch,2023,Twitter,5.0
breckie hill,2003,Instagram,0.0
e girl gg,2020,,12.0
borrasca,2015,Reddit,15.0
bombastic side eye side eye tiktok trend,2023,,0.0
anton chigurhs call it,2020,Twitter,1.0
mother lgbtq slang,0,,0.0
2023 us banking collapse,2023,Twitter,1.0
hey x do you speak japanese,2023,,1.0
i got one more in me,2019,Twitter,203.0
dream is a triplet,2023,Twitter,5.0
gym bro eating dog food,2023,,0.0
stewie griffin is afraid of news of the world,2022,,1.0
id like to direct your attention to the screen,2023,,1.0
moushley,2023,Twitter,9.0
the you missed the point by idolizing them starter pack,2019,Reddit,1.0
jonathan jacob meijer serial sperm donor,2010,YouTube,0.0
waffle house,1955,,235.0
la golpiza a sergio berni the beating of sergio berni,2023,,0.0
cody rhodes hit by a rubber chicken,2023,Twitter,0.0
you didnt need to post that,2020,YouTube,2.0
jack black tosses a peach,2023,YouTube,2.0
once there was a way to get back home golden slumbers nana noodleman cover,2016,YouTube,0.0
the horrors are endless but i stay silly,2023,Tumblr,0.0
1 2 buckle my shoe 3 4 buckle some more 5 6 nike kicks,2023,,6.0
babygirl,2021,Twitter,6.0
sperm cramps,2022,,36.0
the lorax leaving,2023,,9.0
angry birds smash or pass,2023,,4.0
ash ketchum is strong,2019,Tumblr,2.0
shannon sharpe drinking mountain dew,2021,,2.0
pizza tower humor,2023,,0.0
twitter bunny ears trend,2023,Twitter,0.0
rating pokemon by smashability,2023,,0.0
guy refusing cigarette while holding one,0,,4.0
five nights at freddys 2023 movie,2023,,12.0
prigozhin pointing,2023,,1.0
sad banana cat,2021,Facebook,28.0
goldy brar takes responsibility for x,2022,Instagram,1.0
taco tuesday,1982,,213.0
no chin weak chin,0,,0.0
rbi withdraws rs 2000 notes,2023,Twitter,0.0
indian robert pattinson,2023,Instagram,7.0
roblox sad story,2014,,42.0
man with peas in mouth peasd to meet you,2021,Instagram,0.0
joe biden dating simulator,2023,,0.0
im not the step dad im the dad that stepped up,2017,Facebook,1.0
whos your green pink blue person,2021,,0.0
move im gay,2015,YouTube,68.0
taxi master,2023,,21.0
breast envy,1957,,2.0
scary soda,2022,Reddit,59.0
the rainbolt bagel,2023,,1.0
2006 honda civic ai_sponge,2023,YouTube,1.0
spiderman heart hand gesture,2023,,0.0
uncle ji paani pila dijiye shahanishamarthlifevlog,2023,,1.0
roblox mature content update,2023,Twitter,0.0
i was nine and taking care of you,2022,,2.0
the bear,2022,,204.0
imitando emojis mimicking emojis,2019,Reddit,2.0
where the bros at turbulence,2023,,4.0
joe biden ball gag theory,2023,Twitter,0.0
soywave chudbob soypants,2023,YouTube,0.0
notejak soyjak extending a note,2023,,1.0
barbenheimer,2023,Twitter,5.0
golden classic never lose yuor bark,2023,,0.0
butterflix dance,2015,,0.0
face split incident 2009,2009,Reddit,0.0
i am rectangular by sean stephens,2023,,0.0
cornplate corn plate,2022,Twitter,1.0
doja cat hates her fans controversy,2023,Twitter,0.0
wheres my dad im all alone,2023,,4.0
mitch mcconnell freeze at press conference,2023,Twitter,1.0
skyler gisondo,2023,Twitter,31.0
i got deported by six,2023,,16.0
boston cop falling down slide video,2023,Twitter,2.0
scream singing where have you been all my life,0,,1.0
the fact this was found in the mario 64 source code is unsettling,2023,Twitter,0.0
ironic big tobacco memes,2021,Instagram,1.0
flower cuck in a line,2023,Twitter,3.0
dunkin spiked,2023,,4.0
i need more bullets,2023,,14.0
cara pensando no onibus sako askos illustration guy thinking on the bus,2017,Instagram,1.0
2000s older brother core,2021,,2.0
i got 2 phones 2 phones by kevin gates,2016,YouTube,0.0
pursegate,2023,,1.0
not saying x for an entire minute challenge,2016,YouTube,0.0
morgan bailey and random man from atlanta tiktok drama,2023,,0.0
toro inoue sony cat,2004,,1.0
pickles unreleased nintendo gamecube game,2006,,0.0
wazzup beijing,2020,YouTube,33.0
yip yap and yop,2023,,1.0
japanese parliament trying to stop shinichi yokoyama,2018,Reddit,1.0
futabu by bosshi,2005,,1.0
is the cure to male loneliness thugging that shit out,2023,Instagram,1.0
elon musk and grimes third child techno mechanicus,2023,Twitter,0.0
we live we love we lie,2023,,7.0
beyonces mute challenge everybody on mute,2023,,0.0
jonathan majors steps in,2023,,0.0
mortal kombat 1 on the switch controversy,2023,Twitter,0.0
beautiful mid,2023,,109.0
katy perry singing you and i,2023,,0.0
taylor swift was eating a piece of chicken with ketchup and seemingly ranch,2023,Twitter,2.0
lex fridman mark zuckerberg metaverse interview,2023,YouTube,0.0
calm luh fit,2023,,8.0
ousting of kevin mccarthy as house speaker,2023,,1.0
out of pocket slang,2003,Urban Dictionary,1.0
sticking out your gyat for the rizzler,2023,,11.0
what can i say guy tiktok,2023,,1.0
call me crazy but ive never liked store bought pesto,2023,,3.0
this morning i woke up today in this morning,2023,YouTube,20.0
kaiju no 8,2020,,175.0
nux taku being a rule 34 porn addict,2023,,0.0
i am adolf hitler commander of the third reich,2022,Reddit,20.0
the only thing the establishment truly fears i got your back brother,2017,Facebook,1.0
britney spears the woman in me memoir,2023,,6.0
together we are fnaf,2023,,
kylian mbappes i will be there no matter what,2020,,1.0
esta bonito esta bien culero,2016,Youtube,1.0
pajeet,2015,4chan,150.0
finally my taxi is here gtg my bus is here,2022,Instagram,1.0
i am not a cocomelon parent,2022,Instagram,1.0
rate my work fit rate my back to school fit,2023,,1.0
hoop angel,2022,,106.0
g force training video g force mog,2009,,2.0
nanowrimo grooming controversy,2023,,0.0
work it out emote fortnite,2018,,6.0
perro sanxe,0,,0.0
with this treasure i summon,2020,,13.0
sans undertale character naming system,2018,,1.0
ai comics,2022,Reddit,111.0
boykisser discord server scandal,2023,,0.0
henry kissinger copypasta,2023,,1.0
pixie and brutus,2018,,66.0
sir are you aware you are a cat,2013,Tumblr,27.0
jimmy flipping off tracy,2013,,1.0
brie larson singing nicki minaj as lesley gore,2016,YouTube,1.0
fntastic shutdown,2023,,2.0
what happened to the game i love,2023,Twitter,85.0
gen alpha kids cant read,2023,,2.0
this transition is everything,2023,,22.0
yuji itadori chasing mahito amvs skyfall where you go i go fortnite trend,2023,,0.0
emily youcis,1990,,0.0
sammy levitts x season has come to an end 2023 season has come to an end,2022,,0.0
jeffrey epstein client list,2024,,4.0
how people with medical conditions see the world,2022,,2.0
camdan jerrard davis,2023,YouTube,7.0
ashli babbitts death,2021,,0.0
i am cringe but i am free,2020,Tumblr,67.0
cat eating then looking up,2024,,1.0
the year is 2010 civilization has progressed little in the last 20 years,2020,,0.0
super mario rpg cover parodies,2023,,0.0
ozempic face,2022,,86.0
ducker,2019,,210.0
white people shit wps,2010,Urban Dictionary,1.0
stuck inside skeleton verses,2024,,0.0
creature breaking glass me at bros window,2023,Instagram,0.0
then why did you ask for it,2015,,0.0
adam drivers keep driving line,2021,Reddit,0.0
duke dennis fade in memes,2024,,2.0
came home drunk and got way too excited to see my cat,2023,Tumblr,0.0
thats oomf %F0%9F%98%AD%F0%9F%98%AD%F0%9F%98%AD,2024,,2.0
king charles cancer diagnosis,2024,,4.0
dogday poppy playtime,2023,,29.0
what a nerd we always loved this,2022,,1.0
look at the size of this w,2020,Twitter,2.0
the forester which girl,2024,,1.0
adin ross sex tape leak,2024,,1.0
um light thats not how it works,2024,,0.0
charlotte the stingray immaculate conception,2024,Facebook,1.0
adrian dittmann elon musk sock puppet theory,2024,,0.0
jason nash tiktok live streams,0,,0.0
leon kennedy meets donald trump,2023,Reddit,0.0
bling bang bang born,2024,,30.0
death of jacob rothschild,2024,,3.0
favela trans girl saga,2020,Facebook,1.0
kinsley murrays national anthem,2024,YouTube,1.0
elon musk vs sam altman openai lawsuit,2024,,1.0
sorry miss you are still a girl no matter wat u do,2024,,1.0
right ear the bible chinese left ear mozart 2x speed,2022,,0.0
final exam score 100,2021,,6.0
jeremy sleeping with turkey leg and milk,2024,,1.0
messi anatomy of a fall dog clapping at the 2024 oscars,2024,,2.0
hailey rose that girl with the hearse,2021,,2.0
stardenburdenhardenbart,2020,,10.0
i wouldnt have forgotten if i was sleeping with you,2018,YouTube,0.0
dune pain box,2015,Tumblr,1.0
are these the worlds most crispy fries,2020,YouTube,1.0
suno music ai,2023,,88.0
yababaina,2024,YouTube,16.0
two muffins in an oven joke,2004,,1.0
patrick s tomlinson,2020,,3.0
dat bridge be closed yo,2024,,0.0
vydamos goodbye to his ape salazar,2024,Twitter,0.0
naked griffith sitting in bed,2018,,0.0
when ya plug pull up wearin dat vlone,2021,,1.0
shoot them with the dehydration gun,2024,YouTube,5.0
do you know mike wazowski prank,0,,1.0
you know black people,2024,,99.0
my fatass thought this was fried chicken,2014,,1.0
year of shadow,2024,,99.0
children manga,2017,,207.0
chef robot kneading dough,2022,,1.0
yabujincore jumpstyle core,2021,,1.0
haley stardew valley,2016,,161.0
goyang nasi padang,2024,,77.0
guy throwing rocks at an elephant,2023,Tumblr,1.0
fw me friday,2023,,1.0
goodbye you little shit,2015,,3.0
jug of justice bonk the police,2024,Facebook,1.0
man bites young boys ear at world snooker championship stefano voci investigation,2024,Twitter,0.0
don toliver dr nefario comparisons,2024,,0.0
wojak ideology jenga comic,2024,,1.0
cody ko lets go,2024,YouTube,7.0
chinese rap dubs,2024,,1.0
as a former street nigga myself,2022,,1.0
students unbraiding teachers hair controversy,2024,,0.0
divergent scream,2023,,14.0
dance like its the 80s tiktok,2024,,3.0
google search enshittification,2019,Google,0.0
anthpo furry party controversy,2024,YouTube,0.0
lillee jean primink doxxing controversy,2024,YouTube,0.0
lebron james vs mewtwo,2024,,1.0
i miss my wife tails,2018,YouTube,3.0
i will face god and walk backwards into hell,2012,Twitter,6.0
they faces killing me why nobody gaf,0,,0.0
how did the war end,2024,,96.0
fruit stripe gum doesnt last,2024,Facebook,0.0
oppenheimers stare of regret,2023,,0.0
kitten appears from the cable hole,2024,,0.0
derrick white hairline,2019,Reddit,3.0
we look so much like a couple here a couple of bestiesss,2016,,0.0
twitter x private likes,2024,,5.0
im a witch and im evil,2022,,1.0
imallexx abuse allegations by alice hez,2024,,0.0
justin timberlake mugshot,2024,,2.0
this is going to ruin the tour,2024,,4.0
wat by matt furie,2012,,2.0
dog with apple apple dog,2024,Twitter,58.0
is this loss,2011,,209.0
hmp wandsworth prison guard video with inmate,2024,,3.0
boogie2988 faddy crypto scam,2024,YouTube,0.0
rick ross dancing,2024,Instagram,2.0
kamala harris 2024,2024,,2.0
dad how do i use the swing,2024,,0.0
starlight mogging,2024,,3.0
sweetbabyfishin guy feeding barbeque sauce to fish,2024,Instagram,0.0
joe biden dropping out of 2024 presidential election,2024,,1.0
joel house,2024,,99.0
shikanoko nokonoko koshitantan opening edits,2024,,0.0
yaelokre,2023,,10.0
llaw live like aubreigh wyatt,0,,0.0
ava kris tyson grooming allegations shadman commission allegations,2024,YouTube,0.0
saruman the stinky,2023,YouTube,3.0
taxxad,2024,,7.0
stephen nedoroscik pommel horse guy,2024,,2.0
olympic chocolate muffins,2024,,2.0
evil jonkler cart,2024,,10.0
charli xcx 360 but its remixes,2024,YouTube,1.0
dave matthews band chicago river poop incident,2004,,1.0
i spent two hours on this bart simpson for nothing no views i bet,2021,,0.0
if you dance ill dance,2024,,16.0
grok 20 ai image generator,2024,,0.0
shinji throwing a bottle at asuka,2021,,1.0
808s,2024,,99.0
are they lovers worse,2023,Tumblr,16.0
dnc surprise guest rumors,2024,,1.0
the engineer from prometheus,2024,,3.0
rayman sings sexbomb,2007,YouTube,1.0
jill steins trolley problem solution,2024,,1.0
yapper x listener,2023,,3.0
squidward on a chair,2016,YouTube,128.0
hailuoai video generator,2024,,18.0
aqua is useless,2016,Reddit,1.0
trunks they call me the drink,2021,YouTube,2.0
color theory comic,2020,Reddit,0.0
what you imagine vs what i imagine,2024,,1.0
dale dawson stationary supplies,2024,,5.0
never kill yourself,2024,,67.0
cigar cougar cursed panther smoking,2023,Reddit,0.0
jonathan kennedys infected art,2021,,1.0
these are four different movies,2024,Reddit,4.0
almost friday almost paranoid,2021,Instagram,1.0
sad johnny hotel transylvania,2024,,3.0
beyonce she knows theories,2024,,0.0
nike trench coat,2024,,3.0
whatever go my scarab,2023,,7.0
angel hare,2022,,116.0
lieutenant dan florida man,2024,,1.0
tesla robovan,2024,,2.0
oh im sorry are you sitting here,2019,,1.0
i got you by giga lavender town animation meme,2024,,0.0
tiktok thirst trap search results phenomenon,2024,,0.0
inhale focus now pull the trigger pomni,2023,,0.0
yoshi backshots sticker,2021,,2.0
simon screaming alvins i feel like p diddy with fur,2024,Instagram,1.0
patrick using a vending machine,2019,,0.0
puerto rico floating island of garbage tony hinchcliffe controversy,2024,,0.0
yellow bebber yellow babber,2020,YouTube,1.0
hows the job search going,2020,Reddit,1.0
lego filter brickshots,2024,,3.0
i have nothing,2024,,99.0
shoot down that flag,2019,Reddit,0.0
gary barlows massive son,2023,Instagram,3.0
sensitive young man,2024,,24.0
starlink 2024 united states election fraud conspiracy theory,2024,,0.0
bhad bhabie cancer diagnosis,2024,Instagram,3.0
i will always serve you,2024,YouTube,75.0
chris sails exposed video leak on twitter,2024,,0.0
disappointed ksi,2023,,3.0
jay leno mafia debt theory,2024,,0.0
get out,2022,,204.0
hit the road or stay in beacontown gif,2024,,0.0
sigma sigma boy,2024,YouTube,48.0
nulber,2024,,99.0
reloadposting,2009,YouTube,0.0
cassette girl,2018,Newgrounds,53.0
built like a mexican,2024,,6.0
please wrap it up,2023,,13.0
5x30 5 minday,2024,YouTube,1.0
luffy blackbeard pie panel,2024,,0.0
fortnite x skibidi toilet collab,2024,,1.0
gets brainwashed of that thing,2024,,4.0
william banks jail hoax,2024,,0.0
freaky rin itoshi blue lock,2024,,1.0
2005 the year of the gamer,2004,,0.0
druski dancing,2024,YouTube,34.0
treatler treatlerite,2024,,0.0
do you like my silly hat you are an enemy of christ,2025,Twitter,0.0
dih to yo crack slide that shi in gng %F0%9F%92%94,2025,,0.0
mrbeast buying tiktok rumors,2025,,0.0
gorilla sofa,2024,Facebook,16.0
charli damelios anxiety pen controversy,2020,,1.0
the spaghetti method,1990,,0.0
i dont care if you win i just need x to lose,2021,,1.0
i knew this was happening,2016,YouTube,3.0
creator clash 3,2025,,11.0
ts pmo icl,2024,,25.0
the recruiter smiling,2024,,0.0
i need you to take a picture with your ass out,2024,Instagram,3.0
montoya por favor,2025,,3.0
fagslop,2022,4chan,14.0
middle finger to kanye ai video,2025,Instagram,0.0
kill 7 billion people monkey,2022,Reddit,2.0
mom can we leave the beach now,2020,Reddit,0.0
dih slang,2024,,43.0
girls with brown hair cant wear jeans,2016,,3.0
the pope passed a peaceful night,2024,,0.0
jamwayne,2023,,84.0
february 2025 volodymyr zelenskyy donald trump white house meeting,2025,,0.0
ricegum decision day the decision,2024,,1.0
hype moments and aura,2025,Twitter,36.0
big fan man they want duke dennis,2024,YouTube,0.0
kendrick lamar mustard shirts,2024,,1.0
this is a recession indicator,2019,,0.0
dubai chocolate bar,2021,,32.0
dont touch my pizza,2023,,20.0
walton goggins in drag,0,,0.0
but her emails,2016,,29.0
mike chess mosh pit,2025,,0.0
uk ninja sword ban,2025,,4.0
mobil 1 mclaren tooned song,2014,YouTube,0.0
vitzypie,2022,,
murder of austin metcalf by karmelo anthony,2025,,
sabrina carpenter fortnite skin,2025,,5.0
the chicken jockey incident,2025,,1.0
asu scuba girl,2024,Reddit,4.0
usc speak your mind challenge,2025,Instagram,2.0
how i think x would walk down the spirit tunnel,2025,,0.0
big aj death hoax,2025,,0.0
snark subreddits,2015,Reddit,0.0
mount rushmore trend,2025,Facebook,1.0
black virgin chad,0,,1.0
fido,1984,,235.0
kanye west heil hitler song,2025,,4.0
bella ramseys face,2021,Reddit,0.0
miscellaneous uncs shoot poison on stage,2025,,0.0
this is the end,2024,,99.0
2025 sean diddy combs sex trafficking trial,2025,,1.0
labubu toys,2015,,3.0
the weeknd shut the fuck up scene,2025,,0.0
the idea of my age not starting with a 1 anymore,2025,,0.0
i got too drunk and rode the mechanical bull 3 times on our first date,2025,,0.0
a barbershop haircut that costs a quarter,2021,,1.0
sad stan twitter guy gif,2024,,1.0
have you ever played blox fruits dark mango psychology,2025,,0.0
quan millz its me again,2025,,0.0
blind spot by the chest,2025,,1.0
mr ant tenna,2025,,25.0
doja cat vs musty shirt fan pablo tamayo controversy,2025,,0.0
when you lied about your it qualifications,2025,,1.0
death of coach tyler wall,2025,,3.0
zohran mamdani,2024,,2.0
kylie jenner bob walk,2016,,1.0
peter thiel and the antichrist ross douthat interview,2025,YouTube,0.0
seong gi hun staring at dae ho squid game,2025,,0.0
bonk bed,2025,,11.0
abandoned houses where the tape at pool stick all in his ass tell him take that,2025,,0.0
ryegrass for haru urara campaign,2025,,0.0
sometimes when im bored i dip my son in tar,2019,Facebook,0.0
ai love,2025,,47.0
mickey mouse mana tv romania,2023,,1.0
meme ludo,2021,,15.0
japanese salarywoman saori araki,2025,,3.0
i am a x from y and this is my z,2024,,1.0
uh tuh duh tiktok,2025,,1.0
the last thing you see before getting slimed out,2024,Instagram,1.0
instagrammar,2025,Instagram,4.0
joybaiting joy bait,2025,,
vikings male cheerleaders louie conn and blaize shiek controversy,2025,,
indian truck driver harjinder singh florida accident,2025,,0.0
donald trumps hand makeup and death speculation,2025,,0.0
will smith ai crowd allegations,2025,Instagram,1.0
dressing like a bum because my car is the fit,2025,,1.0
yanagi walking,2025,,4.0
celeste rivass body found in d4vds car trunk,2025,,0.0
barni duo,2005,,0.0
jimmy kimmels abc suspension,2025,,0.0
dollar store cappuccino assassino,2025,,1.0
blue collar spongebob,2025,,8.0
docshoddy smash or pass,2025,,0.0
jojo siwa egg,2025,,1.0
robert j oneill masked guest on fox news allegations,2025,,0.0
krimadraws angry birds karate fetish allegations,2025,,0.0
mr homo over here looking at her x,2025,,0.0
rick grimes head tilt,2024,Facebook,2.0
my mom is kinda homeless please speed i need this,2021,YouTube,0.0
im not in pain,2022,,200.0
slurmcore,2017,Tumblr,1.0
flip the camera trend,2025,,2.0
domer baby bart simpson,2025,,2.0
we are charlie kirk by spalexma,2025,,1.0
pedro alonso how life feels montage,2025,,1.0
